country_ofcl,iso2,flag_url,population
Afghanistan,AF,https://upload.wikimedia.org/wikipedia/commons/9/9a/Flag_of_Afghanistan.svg,33736494
Albania,AL,https://upload.wikimedia.org/wikipedia/commons/3/36/Flag_of_Albania.svg,2923354
Algeria,DZ,https://upload.wikimedia.org/wikipedia/commons/7/77/Flag_of_Algeria.svg,39871531
Andorra,AD,https://upload.wikimedia.org/wikipedia/commons/1/19/Flag_of_Andorra.svg,78013
Angola,AO,https://upload.wikimedia.org/wikipedia/commons/9/9d/Flag_of_Angola.svg,27859303
Antigua and Barbuda,AG,https://upload.wikimedia.org/wikipedia/commons/8/89/Flag_of_Antigua_and_Barbuda.svg,99926
Argentina,AR,https://upload.wikimedia.org/wikipedia/commons/1/1a/Flag_of_Argentina.svg,43417764
Armenia,AM,https://upload.wikimedia.org/wikipedia/commons/2/2f/Flag_of_Armenia.svg,2916955
Australia,AU,https://upload.wikimedia.org/wikipedia/commons/8/88/Flag_of_Australia_%28converted%29.svg,23799546
Austria,AT,https://upload.wikimedia.org/wikipedia/commons/4/41/Flag_of_Austria.svg,8678663
Azerbaijan,AZ,https://upload.wikimedia.org/wikipedia/commons/d/dd/Flag_of_Azerbaijan.svg,9617494
Bahamas,BS,https://upload.wikimedia.org/wikipedia/commons/9/93/Flag_of_the_Bahamas.svg,386838
Bahrain,BH,https://upload.wikimedia.org/wikipedia/commons/2/2c/Flag_of_Bahrain.svg,1371858
Bangladesh,BD,https://upload.wikimedia.org/wikipedia/commons/f/f9/Flag_of_Bangladesh.svg,161200888
Barbados,BB,https://upload.wikimedia.org/wikipedia/commons/e/ef/Flag_of_Barbados.svg,284208
Belarus,BY,https://upload.wikimedia.org/wikipedia/commons/8/85/Flag_of_Belarus.svg,9485773
Belgium,BE,https://upload.wikimedia.org/wikipedia/commons/9/92/Flag_of_Belgium_%28civil%29.svg,11287931
Belize,BZ,https://upload.wikimedia.org/wikipedia/commons/e/e7/Flag_of_Belize.svg,359287
Benin,BJ,https://upload.wikimedia.org/wikipedia/commons/0/0a/Flag_of_Benin.svg,10575962
Bhutan,BT,https://upload.wikimedia.org/wikipedia/commons/9/91/Flag_of_Bhutan.svg,787387
Bolivia (Plurinational State of),BO,https://upload.wikimedia.org/wikipedia/commons/4/48/Flag_of_Bolivia.svg,10724703
Bosnia and Herzegovina,BA,https://upload.wikimedia.org/wikipedia/commons/b/bf/Flag_of_Bosnia_and_Herzegovina.svg,3535955
Botswana,BW,https://upload.wikimedia.org/wikipedia/commons/f/fa/Flag_of_Botswana.svg,2209195
Brazil,BR,https://upload.wikimedia.org/wikipedia/en/0/05/Flag_of_Brazil.svg,205962112
Brunei Darussalam,BN,https://upload.wikimedia.org/wikipedia/commons/9/9c/Flag_of_Brunei.svg,417546
Bulgaria,BG,https://upload.wikimedia.org/wikipedia/commons/9/9a/Flag_of_Bulgaria.svg,7177392
Burkina Faso,BF,https://upload.wikimedia.org/wikipedia/commons/3/31/Flag_of_Burkina_Faso.svg,18110616
Burundi,BI,https://upload.wikimedia.org/wikipedia/commons/5/50/Flag_of_Burundi.svg,10199267
Cabo Verde,CV,https://upload.wikimedia.org/wikipedia/commons/3/38/Flag_of_Cape_Verde.svg,532908
Cambodia,KH,https://upload.wikimedia.org/wikipedia/commons/8/83/Flag_of_Cambodia.svg,15517626
Cameroon,CM,https://upload.wikimedia.org/wikipedia/commons/4/4f/Flag_of_Cameroon.svg,22834529
Canada,CA,https://upload.wikimedia.org/wikipedia/en/c/cf/Flag_of_Canada.svg,35949706
Central African Republic,CF,https://upload.wikimedia.org/wikipedia/commons/6/6f/Flag_of_the_Central_African_Republic.svg,4546103
Chad,TD,https://upload.wikimedia.org/wikipedia/commons/4/4b/Flag_of_Chad.svg,14009414
Chile,CL,https://upload.wikimedia.org/wikipedia/commons/7/78/Flag_of_Chile.svg,17762683
China,CN,https://upload.wikimedia.org/wikipedia/commons/f/fa/Flag_of_the_People%27s_Republic_of_China.svg,1404875191
Colombia,CO,https://upload.wikimedia.org/wikipedia/commons/2/21/Flag_of_Colombia.svg,48228704
Comoros,KM,https://upload.wikimedia.org/wikipedia/commons/9/94/Flag_of_the_Comoros.svg,777435
Congo,CG,https://upload.wikimedia.org/wikipedia/commons/9/92/Flag_of_the_Republic_of_the_Congo.svg,4995644
Cook Islands,CK,https://upload.wikimedia.org/wikipedia/commons/3/35/Flag_of_the_Cook_Islands.svg,17449
Costa Rica,CR,https://upload.wikimedia.org/wikipedia/commons/f/f2/Flag_of_Costa_Rica.svg,4807843
CÃ´te d'Ivoire,CI,https://upload.wikimedia.org/wikipedia/commons/f/fe/Flag_of_C%C3%B4te_d%27Ivoire.svg,23108477
Croatia,HR,https://upload.wikimedia.org/wikipedia/commons/1/1b/Flag_of_Croatia.svg,4236014
Cuba,CU,https://upload.wikimedia.org/wikipedia/commons/b/bd/Flag_of_Cuba.svg,11461434
Cyprus,CY,https://upload.wikimedia.org/wikipedia/commons/d/d4/Flag_of_Cyprus.svg,1160983
Czechia,CZ,https://upload.wikimedia.org/wikipedia/commons/c/cb/Flag_of_the_Czech_Republic.svg,10603764
Democratic People's Republic of Korea,KP,https://upload.wikimedia.org/wikipedia/commons/5/51/Flag_of_North_Korea.svg,25243916
Democratic Republic of the Congo,CD,https://upload.wikimedia.org/wikipedia/commons/6/6f/Flag_of_the_Democratic_Republic_of_the_Congo.svg,76196615
Denmark,DK,https://upload.wikimedia.org/wikipedia/commons/9/9c/Flag_of_Denmark.svg,5688695
Djibouti,DJ,https://upload.wikimedia.org/wikipedia/commons/3/34/Flag_of_Djibouti.svg,927414
Dominica,DM,https://upload.wikimedia.org/wikipedia/commons/c/c4/Flag_of_Dominica.svg,73161
Dominican Republic,DO,https://upload.wikimedia.org/wikipedia/commons/9/9f/Flag_of_the_Dominican_Republic.svg,10528399
Ecuador,EC,https://upload.wikimedia.org/wikipedia/commons/e/e8/Flag_of_Ecuador.svg,16144357
Egypt,EG,https://upload.wikimedia.org/wikipedia/commons/f/fe/Flag_of_Egypt.svg,93778176
El Salvador,SV,https://upload.wikimedia.org/wikipedia/commons/3/34/Flag_of_El_Salvador.svg,6312479
Equatorial Guinea,GQ,https://upload.wikimedia.org/wikipedia/commons/3/31/Flag_of_Equatorial_Guinea.svg,1175380
Eritrea,ER,https://upload.wikimedia.org/wikipedia/commons/2/29/Flag_of_Eritrea.svg,4846986
Estonia,EE,https://upload.wikimedia.org/wikipedia/commons/8/8f/Flag_of_Estonia.svg,1315330
Eswatini,SZ,https://upload.wikimedia.org/wikipedia/commons/f/fb/Flag_of_Eswatini.svg,1319014
Ethiopia,ET,https://upload.wikimedia.org/wikipedia/commons/7/71/Flag_of_Ethiopia.svg,99873027
Fiji,FJ,https://upload.wikimedia.org/wikipedia/commons/b/ba/Flag_of_Fiji.svg,892144
Finland,FI,https://upload.wikimedia.org/wikipedia/commons/b/bc/Flag_of_Finland.svg,5481968
France,FR,https://upload.wikimedia.org/wikipedia/en/c/c3/Flag_of_France.svg,64457199
Gabon,GA,https://upload.wikimedia.org/wikipedia/commons/0/04/Flag_of_Gabon.svg,1930178
Gambia,GM,https://upload.wikimedia.org/wikipedia/commons/7/77/Flag_of_The_Gambia.svg,1977584
Georgia,GE,https://upload.wikimedia.org/wikipedia/commons/0/0f/Flag_of_Georgia.svg,3951517
Germany,DE,https://upload.wikimedia.org/wikipedia/en/b/ba/Flag_of_Germany.svg,81707799
Ghana,GH,https://upload.wikimedia.org/wikipedia/commons/1/19/Flag_of_Ghana.svg,27582820
Greece,GR,https://upload.wikimedia.org/wikipedia/commons/5/5c/Flag_of_Greece.svg,11217803
Grenada,GD,https://upload.wikimedia.org/wikipedia/commons/b/bc/Flag_of_Grenada.svg,106827
Guatemala,GT,https://upload.wikimedia.org/wikipedia/commons/e/ec/Flag_of_Guatemala.svg,16252425
Guinea,GN,https://upload.wikimedia.org/wikipedia/commons/e/ed/Flag_of_Guinea.svg,12091534
Guinea-Bissau,GW,https://upload.wikimedia.org/wikipedia/commons/0/01/Flag_of_Guinea-Bissau.svg,1770528
Guyana,GY,https://upload.wikimedia.org/wikipedia/commons/9/99/Flag_of_Guyana.svg,768514
Haiti,HT,https://upload.wikimedia.org/wikipedia/commons/5/56/Flag_of_Haiti.svg,10711071
Honduras,HN,https://upload.wikimedia.org/wikipedia/commons/8/82/Flag_of_Honduras.svg,8960823
Hungary,HU,https://upload.wikimedia.org/wikipedia/commons/c/c1/Flag_of_Hungary.svg,9783926
Iceland,IS,https://upload.wikimedia.org/wikipedia/commons/c/ce/Flag_of_Iceland.svg,330237
India,IN,https://upload.wikimedia.org/wikipedia/en/4/41/Flag_of_India.svg,1309053984
Indonesia,ID,https://upload.wikimedia.org/wikipedia/commons/9/9f/Flag_of_Indonesia.svg,258162114
Iran (Islamic Republic of),IR,https://upload.wikimedia.org/wikipedia/commons/c/ca/Flag_of_Iran.svg,79360492
Iraq,IQ,https://upload.wikimedia.org/wikipedia/commons/f/f6/Flag_of_Iraq.svg,36115650
Ireland,IE,https://upload.wikimedia.org/wikipedia/commons/4/45/Flag_of_Ireland.svg,4700108
Israel,IL,https://upload.wikimedia.org/wikipedia/commons/d/d4/Flag_of_Israel.svg,8064554
Italy,IT,https://upload.wikimedia.org/wikipedia/en/0/03/Flag_of_Italy.svg,59504212
Jamaica,JM,https://upload.wikimedia.org/wikipedia/commons/0/0a/Flag_of_Jamaica.svg,2871925
Japan,JP,https://upload.wikimedia.org/wikipedia/en/9/9e/Flag_of_Japan.svg,127974959
Jordan,JO,https://upload.wikimedia.org/wikipedia/commons/c/c0/Flag_of_Jordan.svg,9159307
Kazakhstan,KZ,https://upload.wikimedia.org/wikipedia/commons/d/d3/Flag_of_Kazakhstan.svg,17749640
Kenya,KE,https://upload.wikimedia.org/wikipedia/commons/4/49/Flag_of_Kenya.svg,47236267
Kiribati,KI,https://upload.wikimedia.org/wikipedia/commons/d/d3/Flag_of_Kiribati.svg,112410
Kuwait,KW,https://upload.wikimedia.org/wikipedia/commons/a/aa/Flag_of_Kuwait.svg,3935788
Kyrgyzstan,KG,https://upload.wikimedia.org/wikipedia/commons/c/c7/Flag_of_Kyrgyzstan.svg,5865403
Lao People's Democratic Republic,LA,https://upload.wikimedia.org/wikipedia/commons/5/56/Flag_of_Laos.svg,6663974
Latvia,LV,https://upload.wikimedia.org/wikipedia/commons/8/84/Flag_of_Latvia.svg,1992667
Lebanon,LB,https://upload.wikimedia.org/wikipedia/commons/5/59/Flag_of_Lebanon.svg,5851488
Lesotho,LS,https://upload.wikimedia.org/wikipedia/commons/4/4a/Flag_of_Lesotho.svg,2174653
Liberia,LR,https://upload.wikimedia.org/wikipedia/commons/b/b8/Flag_of_Liberia.svg,4499620
Libya,LY,https://upload.wikimedia.org/wikipedia/commons/0/05/Flag_of_Libya.svg,6234949
Lithuania,LT,https://upload.wikimedia.org/wikipedia/commons/1/11/Flag_of_Lithuania.svg,2931915
Luxembourg,LU,https://upload.wikimedia.org/wikipedia/commons/d/da/Flag_of_Luxembourg.svg,566741
Madagascar,MG,https://upload.wikimedia.org/wikipedia/commons/b/bc/Flag_of_Madagascar.svg,24234080
Malawi,MW,https://upload.wikimedia.org/wikipedia/commons/d/d1/Flag_of_Malawi.svg,17573606
Malaysia,MY,https://upload.wikimedia.org/wikipedia/commons/6/66/Flag_of_Malaysia.svg,30723151
Maldives,MV,https://upload.wikimedia.org/wikipedia/commons/0/0f/Flag_of_Maldives.svg,418406
Mali,ML,https://upload.wikimedia.org/wikipedia/commons/9/92/Flag_of_Mali.svg,17467913
Malta,MT,https://upload.wikimedia.org/wikipedia/commons/7/73/Flag_of_Malta.svg,427617
Marshall Islands,MH,https://upload.wikimedia.org/wikipedia/commons/2/2e/Flag_of_the_Marshall_Islands.svg,52994
Mauritania,MR,https://upload.wikimedia.org/wikipedia/commons/4/43/Flag_of_Mauritania.svg,4182338
Mauritius,MU,https://upload.wikimedia.org/wikipedia/commons/7/77/Flag_of_Mauritius.svg,1259457
Mexico,MX,https://upload.wikimedia.org/wikipedia/commons/f/fc/Flag_of_Mexico.svg,125890950
Micronesia (Federated States of),FM,https://upload.wikimedia.org/wikipedia/commons/e/e4/Flag_of_the_Federated_States_of_Micronesia.svg,104427
Monaco,MC,https://upload.wikimedia.org/wikipedia/commons/e/ea/Flag_of_Monaco.svg,38306
Mongolia,MN,https://upload.wikimedia.org/wikipedia/commons/4/4c/Flag_of_Mongolia.svg,2976876
Montenegro,ME,https://upload.wikimedia.org/wikipedia/commons/6/64/Flag_of_Montenegro.svg,628177
Morocco,MA,https://upload.wikimedia.org/wikipedia/commons/2/2c/Flag_of_Morocco.svg,34803319
Mozambique,MZ,https://upload.wikimedia.org/wikipedia/commons/d/d0/Flag_of_Mozambique.svg,28010695
Myanmar,MM,https://upload.wikimedia.org/wikipedia/commons/8/8c/Flag_of_Myanmar.svg,52403678
Namibia,NA,https://upload.wikimedia.org/wikipedia/commons/0/00/Flag_of_Namibia.svg,2425555
Nauru,NR,https://upload.wikimedia.org/wikipedia/commons/3/30/Flag_of_Nauru.svg,11260
Nepal,NP,https://upload.wikimedia.org/wikipedia/commons/9/9b/Flag_of_Nepal.svg,28656287
Netherlands,NL,https://upload.wikimedia.org/wikipedia/commons/2/20/Flag_of_the_Netherlands.svg,16938492
New Zealand,NZ,https://upload.wikimedia.org/wikipedia/commons/3/3e/Flag_of_New_Zealand.svg,4614527
Nicaragua,NI,https://upload.wikimedia.org/wikipedia/commons/1/19/Flag_of_Nicaragua.svg,6082031
Niger,NE,https://upload.wikimedia.org/wikipedia/commons/f/f4/Flag_of_Niger.svg,19896963
Nigeria,NG,https://upload.wikimedia.org/wikipedia/commons/7/79/Flag_of_Nigeria.svg,181181747
Niue,NU,https://upload.wikimedia.org/wikipedia/commons/0/01/Flag_of_Niue.svg,1628
North Macedonia,MK,https://upload.wikimedia.org/wikipedia/commons/7/79/Flag_of_North_Macedonia.svg,2079313
Norway,NO,https://upload.wikimedia.org/wikipedia/commons/d/d9/Flag_of_Norway.svg,5199827
Oman,OM,https://upload.wikimedia.org/wikipedia/commons/d/dd/Flag_of_Oman.svg,4199811
Pakistan,PK,https://upload.wikimedia.org/wikipedia/commons/3/32/Flag_of_Pakistan.svg,189380506
Palau,PW,https://upload.wikimedia.org/wikipedia/commons/4/48/Flag_of_Palau.svg,21287
Panama,PA,https://upload.wikimedia.org/wikipedia/commons/a/ab/Flag_of_Panama.svg,3969247
Papua New Guinea,PG,https://upload.wikimedia.org/wikipedia/commons/e/e3/Flag_of_Papua_New_Guinea.svg,7919826
Paraguay,PY,https://upload.wikimedia.org/wikipedia/commons/2/27/Flag_of_Paraguay.svg,6639121
Peru,PE,https://upload.wikimedia.org/wikipedia/commons/c/cf/Flag_of_Peru.svg,31376678
Philippines,PH,https://upload.wikimedia.org/wikipedia/commons/9/99/Flag_of_the_Philippines.svg,101716364
Poland,PL,https://upload.wikimedia.org/wikipedia/en/1/12/Flag_of_Poland.svg,38265221
Portugal,PT,https://upload.wikimedia.org/wikipedia/commons/5/5c/Flag_of_Portugal.svg,10418463
Qatar,QA,https://upload.wikimedia.org/wikipedia/commons/6/65/Flag_of_Qatar.svg,2481540
Republic of Korea,KR,https://upload.wikimedia.org/wikipedia/commons/0/09/Flag_of_South_Korea.svg,50593658
Republic of Moldova,MD,https://upload.wikimedia.org/wikipedia/commons/2/27/Flag_of_Moldova.svg,4065977
Romania,RO,https://upload.wikimedia.org/wikipedia/commons/7/73/Flag_of_Romania.svg,19876620
Russian Federation,RU,https://upload.wikimedia.org/wikipedia/en/f/f3/Flag_of_Russia.svg,143887997
Rwanda,RW,https://upload.wikimedia.org/wikipedia/commons/1/17/Flag_of_Rwanda.svg,11629546
Saint Kitts and Nevis,KN,https://upload.wikimedia.org/wikipedia/commons/f/fe/Flag_of_Saint_Kitts_and_Nevis.svg,54288
Saint Lucia,LC,https://upload.wikimedia.org/wikipedia/commons/9/9f/Flag_of_Saint_Lucia.svg,177207
Saint Vincent and the Grenadines,VC,https://upload.wikimedia.org/wikipedia/commons/6/6d/Flag_of_Saint_Vincent_and_the_Grenadines.svg,109460
Samoa,WS,https://upload.wikimedia.org/wikipedia/commons/3/31/Flag_of_Samoa.svg,193748
San Marino,SM,https://upload.wikimedia.org/wikipedia/commons/b/b1/Flag_of_San_Marino.svg,32959
Sao Tome and Principe,ST,https://upload.wikimedia.org/wikipedia/commons/4/4f/Flag_of_Sao_Tome_and_Principe.svg,195549
Saudi Arabia,SA,https://upload.wikimedia.org/wikipedia/commons/0/0d/Flag_of_Saudi_Arabia.svg,31557130
Senegal,SN,https://upload.wikimedia.org/wikipedia/commons/f/fd/Flag_of_Senegal.svg,14976991
Serbia,RS,https://upload.wikimedia.org/wikipedia/commons/f/ff/Flag_of_Serbia.svg,8851272
Seychelles,SC,https://upload.wikimedia.org/wikipedia/commons/f/fc/Flag_of_Seychelles.svg,93739
Sierra Leone,SL,https://upload.wikimedia.org/wikipedia/commons/1/17/Flag_of_Sierra_Leone.svg,7237028
Singapore,SG,https://upload.wikimedia.org/wikipedia/commons/4/48/Flag_of_Singapore.svg,5535251
Slovakia,SK,https://upload.wikimedia.org/wikipedia/commons/e/e6/Flag_of_Slovakia.svg,5439321
Slovenia,SI,https://upload.wikimedia.org/wikipedia/commons/f/f0/Flag_of_Slovenia.svg,2074787
Solomon Islands,SB,https://upload.wikimedia.org/wikipedia/commons/7/74/Flag_of_the_Solomon_Islands.svg,587476
Somalia,SO,https://upload.wikimedia.org/wikipedia/commons/a/a0/Flag_of_Somalia.svg,13908126
South Africa,ZA,https://upload.wikimedia.org/wikipedia/commons/a/af/Flag_of_South_Africa.svg,55291226
South Sudan,SS,https://upload.wikimedia.org/wikipedia/commons/7/7a/Flag_of_South_Sudan.svg,11882127
Spain,ES,https://upload.wikimedia.org/wikipedia/en/9/9a/Flag_of_Spain.svg,46397663
Sri Lanka,LK,https://upload.wikimedia.org/wikipedia/commons/1/11/Flag_of_Sri_Lanka.svg,20714040
Sudan,SD,https://upload.wikimedia.org/wikipedia/commons/0/01/Flag_of_Sudan.svg,38647801
Suriname,SR,https://upload.wikimedia.org/wikipedia/commons/6/60/Flag_of_Suriname.svg,553204
Sweden,SE,https://upload.wikimedia.org/wikipedia/en/4/4c/Flag_of_Sweden.svg,9763562
Switzerland,CH,https://upload.wikimedia.org/wikipedia/commons/0/08/Flag_of_Switzerland_%28Pantone%29.svg,8319774
Syrian Arab Republic,SY,https://upload.wikimedia.org/wikipedia/commons/5/53/Flag_of_Syria.svg,18734986
Tajikistan,TJ,https://upload.wikimedia.org/wikipedia/commons/d/d0/Flag_of_Tajikistan.svg,8548645
Thailand,TH,https://upload.wikimedia.org/wikipedia/commons/a/a9/Flag_of_Thailand.svg,68657593
Timor-Leste,TL,https://upload.wikimedia.org/wikipedia/commons/2/26/Flag_of_East_Timor.svg,1240984
Togo,TG,https://upload.wikimedia.org/wikipedia/commons/6/68/Flag_of_Togo.svg,7416806
Tonga,TO,https://upload.wikimedia.org/wikipedia/commons/9/9a/Flag_of_Tonga.svg,106368
Trinidad and Tobago,TT,https://upload.wikimedia.org/wikipedia/commons/6/64/Flag_of_Trinidad_and_Tobago.svg,1360090
Tunisia,TN,https://upload.wikimedia.org/wikipedia/commons/c/ce/Flag_of_Tunisia.svg,11273661
Turkey,TR,https://upload.wikimedia.org/wikipedia/commons/b/b4/Flag_of_Turkey.svg,78271475
Turkmenistan,TM,https://upload.wikimedia.org/wikipedia/commons/1/1b/Flag_of_Turkmenistan.svg,5565279
Tuvalu,TV,https://upload.wikimedia.org/wikipedia/commons/3/38/Flag_of_Tuvalu.svg,11000
Uganda,UG,https://upload.wikimedia.org/wikipedia/commons/4/4e/Flag_of_Uganda.svg,40144867
Ukraine,UA,https://upload.wikimedia.org/wikipedia/commons/4/49/Flag_of_Ukraine.svg,44657714
United Arab Emirates,AE,https://upload.wikimedia.org/wikipedia/commons/c/cb/Flag_of_the_United_Arab_Emirates.svg,9154306
United Kingdom of Great Britain and Northern Ireland,GB,https://upload.wikimedia.org/wikipedia/en/a/ae/Flag_of_the_United_Kingdom.svg,65397090
United Republic of Tanzania,TZ,https://upload.wikimedia.org/wikipedia/commons/3/38/Flag_of_Tanzania.svg,53879951
United States of America,US,https://upload.wikimedia.org/wikipedia/en/a/a4/Flag_of_the_United_States.svg,319929164
Uruguay,UY,https://upload.wikimedia.org/wikipedia/commons/f/fe/Flag_of_Uruguay.svg,3431555
Uzbekistan,UZ,https://upload.wikimedia.org/wikipedia/commons/8/84/Flag_of_Uzbekistan.svg,30976017
Vanuatu,VU,https://upload.wikimedia.org/wikipedia/commons/b/bc/Flag_of_Vanuatu.svg,264603
Venezuela (Bolivarian Republic of),VE,https://upload.wikimedia.org/wikipedia/commons/0/06/Flag_of_Venezuela.svg,31155134
Viet Nam,VN,https://upload.wikimedia.org/wikipedia/commons/2/21/Flag_of_Vietnam.svg,93571569
Yemen,YE,https://upload.wikimedia.org/wikipedia/commons/8/89/Flag_of_Yemen.svg,26916203
Zambia,ZM,https://upload.wikimedia.org/wikipedia/commons/0/06/Flag_of_Zambia.svg,16100579
Zimbabwe,ZW,https://upload.wikimedia.org/wikipedia/commons/6/6a/Flag_of_Zimbabwe.svg,15777449
St. Barths,BL,https://upload.wikimedia.org/wikipedia/en/c/c3/Flag_of_France.svg,9793
Faeroe Islands,FO,https://upload.wikimedia.org/wikipedia/commons/9/9c/Flag_of_Denmark.svg,51783
French Guiana,GF,https://upload.wikimedia.org/wikipedia/en/c/c3/Flag_of_France.svg,290691
Guernsey,GG,https://upload.wikimedia.org/wikipedia/en/a/ae/Flag_of_the_United_Kingdom.svg,63026
Gibraltar,GI,https://upload.wikimedia.org/wikipedia/en/a/ae/Flag_of_the_United_Kingdom.svg,32194
Hong Kong,HK,https://upload.wikimedia.org/wikipedia/commons/5/5b/Flag_of_Hong_Kong.svg,7482500
Liechtenstein,LI,https://upload.wikimedia.org/wikipedia/commons/4/47/Flag_of_Liechtenstein.svg,38557
Saint-Martin,MF,https://upload.wikimedia.org/wikipedia/en/c/c3/Flag_of_France.svg,77741
Macao,MO,https://upload.wikimedia.org/wikipedia/commons/6/63/Flag_of_Macau.svg,667400
Martinique,MQ,https://upload.wikimedia.org/wikipedia/en/c/c3/Flag_of_France.svg,376480
Palestine,PS,https://upload.wikimedia.org/wikipedia/commons/0/00/Flag_of_Palestine.svg,
Reunion,RE,https://upload.wikimedia.org/wikipedia/en/c/c3/Flag_of_France.svg,859959
Taiwan,TW,https://upload.wikimedia.org/wikipedia/commons/7/72/Flag_of_the_Republic_of_China.svg,23780452
Vatican,VA,https://upload.wikimedia.org/wikipedia/commons/0/00/Flag_of_the_Vatican_City.svg,1000
Greenland,GL,https://upload.wikimedia.org/wikipedia/commons/9/9c/Flag_of_Denmark.svg,55992
Kosovo,XK,https://upload.wikimedia.org/wikipedia/commons/1/1f/Flag_of_Kosovo.svg,1810463
Guadeloupe,GP,https://upload.wikimedia.org/wikipedia/en/c/c3/Flag_of_France.svg,395700
Cayman Islands,KY,https://upload.wikimedia.org/wikipedia/en/a/ae/Flag_of_the_United_Kingdom.svg,68076
Curacao,CW,https://upload.wikimedia.org/wikipedia/commons/2/20/Flag_of_the_Netherlands.svg,158665
Puerto Rico,PR,https://upload.wikimedia.org/wikipedia/en/a/a4/Flag_of_the_United_States.svg,3193694
Guam,GU,https://upload.wikimedia.org/wikipedia/en/a/a4/Flag_of_the_United_States.svg,162742
Mayotte,YT,https://upload.wikimedia.org/wikipedia/en/c/c3/Flag_of_France.svg,279471
United States Virgin Islands,VI,https://upload.wikimedia.org/wikipedia/en/a/a4/Flag_of_the_United_States.svg,106405
Aruba,AW,https://upload.wikimedia.org/wikipedia/commons/2/20/Flag_of_the_Netherlands.svg,112309
Jersey,JE,https://upload.wikimedia.org/wikipedia/en/a/ae/Flag_of_the_United_Kingdom.svg,106800
French Polynesia,PF,https://upload.wikimedia.org/wikipedia/en/c/c3/Flag_of_France.svg,275918
International Conveyance,International Conveyance,"data:image/svg+xml;base64,PD94bWwgdmVyc2lvbj0iMS4wIiBlbmNvZGluZz0iVVRGLTgiIHN0YW5kYWxvbmU9Im5vIj8+CjwhRE9DVFlQRSBzdmcgUFVCTElDICItLy9XM0MvL0RURCBTVkcgMS4xLy9FTiIgImh0dHA6Ly93d3cudzMub3JnL0dyYXBoaWNzL1NWRy8xLjEvRFREL3N2ZzExLmR0ZCI+Cjxzdmcgd2lkdGg9IjEwMCUiIGhlaWdodD0iMTAwJSIgdmlld0JveD0iMCAwIDMyIDI4IiB2ZXJzaW9uPSIxLjEiIHhtbG5zPSJodHRwOi8vd3d3LnczLm9yZy8yMDAwL3N2ZyIgeG1sbnM6eGxpbms9Imh0dHA6Ly93d3cudzMub3JnLzE5OTkveGxpbmsiIHhtbDpzcGFjZT0icHJlc2VydmUiIHhtbG5zOnNlcmlmPSJodHRwOi8vd3d3LnNlcmlmLmNvbS8iIHN0eWxlPSJmaWxsLXJ1bGU6ZXZlbm9kZDtjbGlwLXJ1bGU6ZXZlbm9kZDtzdHJva2UtbGluZWpvaW46cm91bmQ7c3Ryb2tlLW1pdGVybGltaXQ6MjsiPgogICAgPHBhdGggZD0iTTI4LjI5NywyNC4yOTdDMjguNjg4LDIzLjkwNiAyOS4zMTMsMjMuOTA2IDI5LjcwMywyNC4yOTdMMzEuNzAzLDI2LjI5N0wzMC4yOTcsMjcuNzAzTDI5LDI2LjQwNkwyNy43MDMsMjcuNzAzQzI3LjUxNiwyNy45MDYgMjcuMjUsMjggMjcsMjhDMjYuNzUsMjggMjYuNDg0LDI3LjkwNiAyNi4yOTcsMjcuNzAzTDI1LDI2LjQwNkwyMy43MDMsMjcuNzAzQzIzLjMxMiwyOC4wOTQgMjIuNjg3LDI4LjA5NCAyMi4yOTcsMjcuNzAzTDIxLDI2LjQwNkwxOS43MDMsMjcuNzAzQzE5LjMxMiwyOC4wOTQgMTguNjg3LDI4LjA5NCAxOC4yOTcsMjcuNzAzTDE3LDI2LjQwNkwxNS43MDMsMjcuNzAzQzE1LjMxMiwyOC4wOTQgMTQuNjg3LDI4LjA5NCAxNC4yOTcsMjcuNzAzTDEzLDI2LjQwNkwxMS43MDMsMjcuNzAzQzExLjMxMiwyOC4wOTQgMTAuNjg3LDI4LjA5NCAxMC4yOTcsMjcuNzAzTDksMjYuNDA2TDcuNzAzLDI3LjcwM0M3LjMxMiwyOC4wOTQgNi42ODcsMjguMDk0IDYuMjk3LDI3LjcwM0w1LDI2LjQwNkwzLjcwMywyNy43MDNDMy4zMTIsMjguMDk0IDIuNjg3LDI4LjA5NCAyLjI5NywyNy43MDNMMC4yOTcsMjUuNzAzTDEuNzAzLDI0LjI5N0wzLDI1LjU5NEw0LjI5NywyNC4yOTdDNC42ODgsMjMuOTA2IDUuMzEzLDIzLjkwNiA1LjcwMywyNC4yOTdMNywyNS41OTRMOC4yOTcsMjQuMjk3QzguNjg4LDIzLjkwNiA5LjMxMywyMy45MDYgOS43MDMsMjQuMjk3TDExLDI1LjU5NEwxMi4yOTcsMjQuMjk3QzEyLjY4OCwyMy45MDYgMTMuMzEzLDIzLjkwNiAxMy43MDMsMjQuMjk3TDE1LDI1LjU5NEwxNi4yOTcsMjQuMjk3QzE2LjY4OCwyMy45MDYgMTcuMzEzLDIzLjkwNiAxNy43MDMsMjQuMjk3TDE5LDI1LjU5NEwyMC4yOTcsMjQuMjk3QzIwLjY4OCwyMy45MDYgMjEuMzEzLDIzLjkwNiAyMS43MDMsMjQuMjk3TDIzLDI1LjU5NEwyNC4yOTcsMjQuMjk3QzI0LjY4OCwyMy45MDYgMjUuMzEzLDIzLjkwNiAyNS43MDMsMjQuMjk3TDI3LDI1LjU5NEwyOC4yOTcsMjQuMjk3Wk0zLjcwMywyMy43MDNDMy4zMTIsMjQuMDk0IDIuNjg3LDI0LjA5NCAyLjI5NywyMy43MDNMMC4yOTcsMjEuNzAzTDEuNzAzLDIwLjI5N0wzLDIxLjU3OEw0LjI5NywyMC4yOTdDNC42ODgsMTkuOTA2IDUuMzEzLDE5LjkwNiA1LjcwMywyMC4yOTdMNywyMS41NzhMOCwyMC41NzhMOCwxNkw0LjcxOSwxMS4wOTRDNC4zNiwxMC41NDcgNC42MSw5Ljc5NyA1LjIzNSw5LjU3OEw4LjAwMSw4LjY3Mkw4LjAwMSw0TDEwLjAwMSw0TDEwLjAwMSwyTDE0LjAwMSwyTDE0LjAwMSwwTDE4LjAwMSwwTDE4LjAwMSwyTDIyLjAwMSwyTDIyLjAwMSw0TDI0LjAwMSw0TDI0LjAwMSw4LjY3MkwyNi43NjcsOS41NzhDMjcuMzkyLDkuNzk3IDI3LjY0MiwxMC41NDcgMjcuMjgzLDExLjA5NEwyNC4wMDIsMTZMMjQuMDAyLDIwLjU3OEwyNC4yOTksMjAuMjk3QzI0LjY5LDE5LjkwNiAyNS4zMTUsMTkuOTA2IDI1LjcwNSwyMC4yOTdMMjcuMDAyLDIxLjU3OEwyOC4yOTksMjAuMjk3QzI4LjY5LDE5LjkwNiAyOS4zMTUsMTkuOTA2IDI5LjcwNSwyMC4yOTdMMzEuNzA1LDIyLjI5N0wzMC4yOTksMjMuNzAzTDI5LjAwMiwyMi40MDZMMjcuNzA1LDIzLjcwM0MyNy41MTgsMjMuOTA2IDI3LjI1MiwyNCAyNy4wMDIsMjRDMjYuNzUyLDI0IDI2LjQ4NiwyMy45MDYgMjYuMjk5LDIzLjcwM0wyNS4wMDIsMjIuNDA2TDIzLjcwNSwyMy43MDNDMjMuMzE0LDI0LjA5NCAyMi42ODksMjQuMDk0IDIyLjI5OSwyMy43MDNMMjEuMDAyLDIyLjQwNkwxOS43MDUsMjMuNzAzQzE5LjMxNCwyNC4wOTQgMTguNjg5LDI0LjA5NCAxOC4yOTksMjMuNzAzTDE3LjAwMiwyMi40MDZMMTUuNzA1LDIzLjcwM0MxNS4zMTQsMjQuMDk0IDE0LjY4OSwyNC4wOTQgMTQuMjk5LDIzLjcwM0wxMy4wMDIsMjIuNDA2TDExLjcwNSwyMy43MDNDMTEuMzE0LDI0LjA5NCAxMC42ODksMjQuMDk0IDEwLjI5OSwyMy43MDNMOS4wMDIsMjIuNDA2TDcuNzA1LDIzLjcwM0M3LjMxNCwyNC4wOTQgNi42ODksMjQuMDk0IDYuMjk5LDIzLjcwM0w1LjAwMiwyMi40MDZMMy43MDMsMjMuNzAzWk0xMCw2TDEwLDhMMTYsNkwyMiw4TDIyLDZMMjAsNkwyMCw0TDEyLDRMMTIsNkwxMCw2WiIgc3R5bGU9ImZpbGw6d2hpdGU7ZmlsbC1ydWxlOm5vbnplcm87Ii8+Cjwvc3ZnPgo=",3000
Montserrat,MS,https://upload.wikimedia.org/wikipedia/en/a/ae/Flag_of_the_United_Kingdom.svg,4649
New Caledonia,NC,https://upload.wikimedia.org/wikipedia/en/c/c3/Flag_of_France.svg,271407
Isle of Man,IM,https://upload.wikimedia.org/wikipedia/en/a/ae/Flag_of_the_United_Kingdom.svg,83314
Bermuda,BM,https://upload.wikimedia.org/wikipedia/en/a/ae/Flag_of_the_United_Kingdom.svg,71176
Sint Maarten,SX,https://upload.wikimedia.org/wikipedia/commons/2/20/Flag_of_the_Netherlands.svg,41486
Turks and Caicos Islands,TC,https://upload.wikimedia.org/wikipedia/en/a/ae/Flag_of_the_United_Kingdom.svg,31458
Northern Mariana Islands (Commonwealth of the),MP,https://upload.wikimedia.org/wikipedia/en/a/a4/Flag_of_the_United_States.svg,53883
Anguilla,AI,https://upload.wikimedia.org/wikipedia/en/a/ae/Flag_of_the_United_Kingdom.svg,14731
British Virgin Islands,VG,https://upload.wikimedia.org/wikipedia/en/a/ae/Flag_of_the_United_Kingdom.svg,31758
"Bonaire, Sint Eustatius and Saba",BQ,https://upload.wikimedia.org/wikipedia/commons/2/20/Flag_of_the_Netherlands.svg,25157